{"nombre":"Libélula rusa","apellido":"Libellula quadrimaculata","origen":{"pais":"China","cantidad":91,"estado":"casado"},"color" :"123456789"}
{"nombre":"Tejedor castañor","apellido":"Ploceus rubiginosus","origen":{"pais":"China","cantidad":35,"estado":"casado"},"color" :"123456789"}
{"nombre":"Ocelote","apellido":"Felis pardalis","origen":{"pais":"Indonesia","cantidad":84,"estado":"soltero"},"color": "123456789"}
{"nombre":"Caribou","apellido":"Rangifer tarandus","origen":{"pais":"Nicaragua","cantidad":4,"estado":"casado"},"color": "123456789"}
{"nombre":"Matias","apellido":"Cortes","origen":{"pais":"Dubai","cantidad":25,"estado":"soltero(pero no solo)"}, "color":"123456789"}
{"nombre":"Rosa","apellido":"Espinoza","origen":{"pais":"China","cantidad":91,"estado":"casado"},"color" :"123456789"}
{"nombre":"Austin","apellido":"Veas","origen":{"pais":"Chile","cantidad":19,"estado":"soltero"},"color" :"123456789"}
{"nombre":"Catalina","apellido":"Salazar","origen":{"pais":"Alemania","cantidad":20,"estado":"casada (2hijos)"},"color": "123456789"}
{"nombre":"Francisco","apellido":"Prieto","origen":{"pais":"Neptuno","cantidad":20,"estado":"virgen"},"color": "123456789"}
{"nombre":"Brayatan","apellido":"Perez","origen":{"pais":"Japon","cantidad":93,"estado":"viudo"}, "color":"123456789"}
